
{
  "en": {
    "header": {
      "home": "Home",
      "about": "About",
      "products": "Products",
      "allProducts": "All Products",
      "services": "Services",
      "customerSupport": "Customer Support",
      "employeeLogin": "Employee Login"
    },
    "footer": {
        "tagline": "Specializing in organic farming, education, and social work.",
        "quickLinks": "Quick Links",
        "aboutUs": "About Us",
        "products": "Products",
        "services": "Services",
        "contact": "Contact",
        "locations": "Locations",
        "goddaOffice": "Godda Office",
        "registeredOffice": "Registered Office",
        "workingHours": "Working Hours",
        "weekdays": "Weekdays: 10 AM – 5 PM",
        "saturday": "Saturday: 10 AM – 5:30 PM",
        "sunday": "Sunday: 10 AM – 2 PM",
        "copyright": "© {year} Vanu Organic Pvt Ltd. All rights reserved."
    },
    "home": {
      "heroTitle": "Nourish Your Soil, Naturally",
      "viewAll": "View All",
      "addToCart": "Add to Cart",
      "whyChooseUsTitle": "Why Choose Vanu Organic?",
      "whyChooseUsDesc": "We are more than just a supplier. We are a partner in your farming journey, dedicated to sustainability, quality, and community.",
      "purelyOrganicTitle": "Purely Organic",
      "purelyOrganicDesc": "Our products are crafted from the finest natural ingredients, ensuring healthy soil and safe produce.",
      "socialImpactTitle": "Social Impact",
      "socialImpactDesc": "We invest in farmer education and community programs to foster sustainable agricultural practices.",
      "qualityAssuredTitle": "Quality Assured",
      "qualityAssuredDesc": "Rigorous testing and quality control mean you get reliable and effective solutions every time.",
      "ourServicesTitle": "Our Services",
      "joinMissionTitle": "Join Our Mission",
      "joinMissionDesc": "Become a coordinator at the District, Block, or Panchayat level and help us empower farmers and build a sustainable future for agriculture in your community.",
      "applyCoordinator": "Apply to be a Coordinator",
      "topPicks": "Top Picks for You",
      "showingProducts": "Showing {filtered} of {total} products."
    },
    "about": {
      "title": "About Vanu Organic",
      "subtitle": "A Commitment to Sustainable Farming",
      "storyText": "Vanu Organic Private Limited, incorporated on April 27, 2022, is a beacon of sustainable growth in agriculture. We are dedicated to providing high-quality organic fertilizers, pest control solutions, and soil additives to empower farmers. Our foundation is built on excellence, integrity, and promoting a healthier planet through organic farming practices.",
      "missionTitle": "Our Mission",
      "missionText": "To provide farmers with effective, safe, and natural products to improve soil health and crop yield sustainably.",
      "visionTitle": "Our Vision",
      "visionText": "To be a leading, trusted name in the organic agricultural supplies industry, recognized for our quality and commitment to the environment.",
      "imageAlt": "Farmer training",
      "coreServicesTitle": "Our Core Services",
      "coreServicesDesc": "We provide a range of services designed to support farmers at every stage of their journey.",
      "leadershipTitle": "Meet Our Leadership",
      "leadershipDesc": "Our team of dedicated directors guides our mission with passion and expertise."
    },
    "servicesPage": {
        "title": "Services & Initiatives",
        "subtitle": "Empowering farmers with the tools and knowledge for sustainable success.",
        "communityImpactBadge": "Community Impact",
        "communityImpactTitle": "Growing a Better Tomorrow, Together",
        "communityImpactDesc": "Vanu Organic Pvt Ltd is deeply committed to supporting the agricultural community. Through strategic initiatives, educational partnerships, and promoting environmental stewardship, we strive to make a lasting positive impact and support sustainable development for a healthier food system.",
        "envStewardship": "Environmental Stewardship",
        "farmerEducation": "Farmer Education",
        "communitySupport": "Community Support",
        "servicesComingSoon": "Services will be listed here soon."
    },
    "customerAuth": {
      "customerLogin": "Login",
      "register": "Register",
      "loginTitle": "Customer Login",
      "loginDescription": "Enter your credentials to access your account.",
      "emailLabel": "Email",
      "passwordLabel": "Password",
      "signInButton": "Sign In",
      "signingIn": "Signing In...",
      "noAccountPrompt": "Don't have an account?",
      "signUpLink": "Sign Up",
      "registerTitle": "Create an Account",
      "registerDescription": "Sign up to start shopping.",
      "firstName": "First Name",
      "lastName": "Last Name",
      "phone": "Phone Number",
      "signUpButton": "Create Account",
      "creatingAccount": "Creating Account...",
      "alreadyAccountPrompt": "Already have an account?",
      "signInLink": "Sign In",
      "welcome": "Welcome",
      "logout": "Logout",
      "forgotPasswordLink": "Forgot password?",
      "forgotPasswordTitle": "Forgot Password",
      "forgotPasswordDesc": "Enter your email to receive a password reset link.",
      "sendResetLinkButton": "Send Reset Link",
      "sendingLink": "Sending...",
      "backToLogin": "Back to Login",
      "resetEmailSentTitle": "Password Reset Email Sent",
      "resetEmailSentDesc": "Please check your inbox for the reset link.",
      "resetFailedTitle": "Password Reset Failed",
      "googleSignIn": "Sign in with Google",
      "orContinueWith": "Or continue with",
      "areYouEmployee": "Are you an employee?",
      "employeeLoginLink": "Employee Login",
      "myAccount": "My Account"
    },
    "cart": {
      "title": "Your Shopping Cart",
      "emptyCart": "Your cart is currently empty.",
      "continueShopping": "Continue Shopping",
      "yourItems": "Your Items",
      "clearCart": "Clear Cart",
      "orderSummary": "Order Summary",
      "subtotal": "Subtotal",
      "shipping": "Shipping",
      "total": "Total",
      "proceedToCheckout": "Proceed to Checkout"
    },
    "checkout": {
      "title": "Checkout",
      "shippingTitle": "Shipping Information",
      "addNewAddress": "Add New Address",
      "noAddressFound": "No addresses found. Please add one to continue.",
      "paymentTitle": "Payment Method",
      "creditCard": "Credit/Debit Card",
      "cod": "Cash on Delivery",
      "orderSummaryTitle": "Order Summary",
      "summaryDescription": "Review your items before ordering.",
      "subtotal": "Subtotal",
      "shipping": "Shipping",
      "total": "Total",
      "placeOrderButton": "Place Order",
      "placingOrder": "Placing Order..."
    },
    "orderConfirmation": {
      "title": "Thank You for Your Order!",
      "subtitle": "Your order has been placed successfully. You will receive an email confirmation shortly.",
      "orderNumber": "Order Number",
      "continueShoppingButton": "Continue Shopping",
      "goToMyOrders": "Go to My Orders",
      "verifyingOrder": "Verifying Order...",
      "pleaseWait": "Please wait a moment.",
      "feedbackPrompt": "How was your shopping experience?",
      "feedbackThanks": "Thank you for your feedback!"
    },
    "productsPage": {
        "title": "All Products",
        "description": "Everything you need for a healthy, organic, and thriving farm.",
        "searchPlaceholder": "Search all products...",
        "categoryFilterPlaceholder": "Filter by category",
        "allCategories": "All Products",
        "noProductsFound": "No products found for your criteria."
    },
    "productCategoryPage": {
        "browseCollection": "Browse our collection of {categoryName}.",
        "categoryNotFound": "Category Not Found",
        "noProductsInCategory": "No products found in this category."
    },
    "productDetailPage": {
        "quantity": "Quantity",
        "addToCart": "Add to Cart",
        "buyNow": "Buy Now",
        "description": "Description",
        "ingredients": "Ingredients",
        "productInfo": "Product Information",
        "noIngredients": "No ingredients listed.",
        "noInfo": "No additional information available.",
        "vegetarian": "This is a Vegetarian product",
        "non-vegetarian": "This is a Non-Vegetarian product",
        "vegan": "This is a Vegan product",
        "uses_dead_animals": "This product uses dead animal parts"
    },
    "supportPage": {
      "title": "Customer Support",
      "subtitle": "We're here to help. Reach out to us with any questions or concerns.",
      "formTitle": "Send us a Message",
      "formDesc": "We'll get back to you as soon as possible.",
      "name": "Name",
      "namePlaceholder": "Your Name",
      "email": "Email",
      "emailPlaceholder": "you@example.com",
      "message": "Message",
      "messagePlaceholder": "Your message...",
      "submit": "Submit",
      "contactInfoTitle": "Contact Information",
      "phone": "Phone",
      "emailContact": "Email"
    }
  },
  "hi": {
    "header": {
      "home": "होम",
      "about": "हमारे बारे में",
      "products": "उत्पाद",
      "allProducts": "सभी उत्पाद",
      "services": "सेवाएं",
      "customerSupport": "ग्राहक सहायता",
      "employeeLogin": "कर्मचारी लॉगिन"
    },
    "footer": {
        "tagline": "जैविक खेती, शिक्षा और सामाजिक कार्यों में विशेषज्ञता।",
        "quickLinks": "त्वरित लिंक्स",
        "aboutUs": "हमारे बारे में",
        "products": "उत्पाद",
        "services": "सेवाएं",
        "contact": "संपर्क",
        "locations": "स्थान",
        "goddaOffice": "गोड्डा कार्यालय",
        "registeredOffice": "पंजीकृत कार्यालय",
        "workingHours": "काम के घंटे",
        "weekdays": "सप्ताह के दिन: सुबह १० बजे - शाम ५ बजे",
        "saturday": "शनिवार: सुबह १० बजे - शाम ५:३० बजे",
        "sunday": "रविवार: सुबह १० बजे - दोपहर २ बजे",
        "copyright": "© {year} वनु ऑर्गेनिक प्राइवेट लिमिटेड। सर्वाधिकार सुरक्षित।"
    },
    "home": {
      "heroTitle": "अपनी मिट्टी को पोषण दें, प्राकृतिक रूप से",
      "viewAll": "सभी देखें",
      "addToCart": "कार्ट में डालें",
      "whyChooseUsTitle": "वनु ऑर्गेनिक क्यों चुनें?",
      "whyChooseUsDesc": "हम सिर्फ एक आपूर्तिकर्ता से बढ़कर हैं। हम आपकी खेती की यात्रा में एक भागीदार हैं, जो स्थिरता, गुणवत्ता और समुदाय के लिए समर्पित हैं।",
      "purelyOrganicTitle": "पूरी तरह से जैविक",
      "purelyOrganicDesc": "हमारे उत्पाद बेहतरीन प्राकृतिक अवयवों से तैयार किए गए हैं, जो स्वस्थ मिट्टी और सुरक्षित उपज सुनिश्चित करते हैं।",
      "socialImpactTitle": "सामाजिक प्रभाव",
      "socialImpactDesc": "हम स्थायी कृषि प्रथाओं को बढ़ावा देने के लिए किसान शिक्षा और सामुदायिक कार्यक्रमों में निवेश करते हैं।",
      "qualityAssuredTitle": "गुणवत्ता सुनिश्चित",
      "qualityAssuredDesc": "कठोर परीक्षण और गुणवत्ता नियंत्रण का मतलब है कि आपको हर बार विश्वसनीय और प्रभावी समाधान मिलते हैं।",
      "ourServicesTitle": "हमारी सेवाएं",
      "joinMissionTitle": "हमारे मिशन में शामिल हों",
      "joinMissionDesc": "जिला, ब्लॉक या पंचायत स्तर पर समन्वयक बनें और अपने समुदाय में किसानों को सशक्त बनाने और कृषि के लिए एक स्थायी भविष्य बनाने में हमारी मदद करें।",
      "applyCoordinator": "समन्वयक बनने के लिए आवेदन करें",
      "topPicks": "आपके लिए शीर्ष चयन",
      "showingProducts": "{total} में से {filtered} उत्पाद दिखा रहा है।"
    },
    "about": {
      "title": "वनु ऑर्गेनिक के बारे में",
      "subtitle": "सतत खेती के लिए एक प्रतिबद्धता",
      "storyText": "वनु ऑर्गेनिक प्राइवेट लिमिटेड, 27 अप्रैल, 2022 को निगमित, कृषि में सतत विकास का एक प्रतीक है। हम किसानों को सशक्त बनाने के लिए उच्च गुणवत्ता वाले जैविक उर्वरक, कीट नियंत्रण समाधान और मिट्टी के योजक प्रदान करने के लिए समर्पित हैं। हमारी नींव उत्कृष्टता, अखंडता और जैविक खेती प्रथाओं के माध्यम से एक स्वस्थ ग्रह को बढ़ावा देने पर बनी है।",
      "missionTitle": "हमारा लक्ष्य",
      "missionText": "किसानों को मिट्टी के स्वास्थ्य और फसल की उपज में स्थायी रूप से सुधार करने के लिए प्रभावी, सुरक्षित और प्राकृतिक उत्पाद प्रदान करना।",
      "visionTitle": "हमारी दृष्टि",
      "visionText": "जैविक कृषि आपूर्ति उद्योग में एक अग्रणी, विश्वसनीय नाम बनना, जो हमारी गुणवत्ता और पर्यावरण के प्रति प्रतिबद्धता के लिए पहचाना जाता है।",
      "imageAlt": "किसान प्रशिक्षण",
      "coreServicesTitle": "हमारी मुख्य सेवाएं",
      "coreServicesDesc": "हम किसानों को उनकी यात्रा के हर चरण में समर्थन देने के लिए डिज़ाइन की गई कई सेवाएँ प्रदान करते हैं।",
      "leadershipTitle": "हमारे नेतृत्व से मिलें",
      "leadershipDesc": "हमारे समर्पित निदेशकों की टीम हमारे मिशन को जुनून और विशेषज्ञता के साथ मार्गदर्शन करती है।"
    },
    "servicesPage": {
        "title": "सेवाएं और पहल",
        "subtitle": "किसानों को स्थायी सफलता के लिए उपकरणों और ज्ञान के साथ सशक्त बनाना।",
        "communityImpactBadge": "सामुदायिक प्रभाव",
        "communityImpactTitle": "एक बेहतर कल का निर्माण, एक साथ",
        "communityImpactDesc": "वनु ऑर्गेनिक प्राइवेट लिमिटेड कृषि समुदाय का समर्थन करने के लिए गहराई से प्रतिबद्ध है। रणनीतिक पहलों, शैक्षिक भागीदारी और पर्यावरण प्रबंधन को बढ़ावा देने के माध्यम से, हम एक स्थायी सकारात्मक प्रभाव बनाने और एक स्वस्थ खाद्य प्रणाली के लिए सतत विकास का समर्थन करने का प्रयास करते हैं।",
        "envStewardship": "पर्यावरण प्रबंधन",
        "farmerEducation": "किसान शिक्षा",
        "communitySupport": "सामुदायिक सहायता",
        "servicesComingSoon": "सेवाएं जल्द ही यहां सूचीबद्ध की जाएंगी।"
    },
    "customerAuth": {
      "customerLogin": "लॉगिन",
      "register": "रजिस्टर करें",
      "loginTitle": "ग्राहक लॉगिन",
      "loginDescription": "अपने खाते तक पहुंचने के लिए अपनी क्रेडेंशियल दर्ज करें।",
      "emailLabel": "ईमेल",
      "passwordLabel": "पासवर्ड",
      "signInButton": "साइन इन करें",
      "signingIn": "साइन इन हो रहा है...",
      "noAccountPrompt": "खाता नहीं है?",
      "signUpLink": "साइन अप करें",
      "registerTitle": "खाता बनाएं",
      "registerDescription": "खरीदारी शुरू करने के लिए साइन अप करें।",
      "firstName": "पहला नाम",
      "lastName": "अंतिम नाम",
      "phone": "फ़ोन नंबर",
      "signUpButton": "खाता बनाएं",
      "creatingAccount": "खाता बनाया जा रहा है...",
      "alreadyAccountPrompt": "पहले से ही एक खाता है?",
      "signInLink": "साइन इन करें",
      "welcome": "स्वागत है",
      "logout": "लॉग आउट",
      "forgotPasswordLink": "पासवर्ड भूल गए?",
      "forgotPasswordTitle": "पासवर्ड भूल गए",
      "forgotPasswordDesc": "पासवर्ड रीसेट लिंक प्राप्त करने के लिए अपना ईमेल दर्ज करें।",
      "sendResetLinkButton": "रीसेट लिंक भेजें",
      "sendingLink": "भेजा जा रहा है...",
      "backToLogin": "लॉगिन पर वापस जाएं",
      "resetEmailSentTitle": "पासवर्ड रीसेट ईमेल भेजा गया",
      "resetEmailSentDesc": "रीसेट लिंक के लिए कृपया अपना इनबॉक्स जांचें।",
      "resetFailedTitle": "पासवर्ड रीसेट विफल",
      "googleSignIn": "Google से साइन इन करें",
      "orContinueWith": "या इसके साथ जारी रखें",
      "areYouEmployee": "क्या आप एक कर्मचारी हैं?",
      "employeeLoginLink": "कर्मचारी लॉगिन",
      "myAccount": "मेरा खाता"
    },
    "cart": {
      "title": "आपकी खरीदारी की टोकरी",
      "emptyCart": "आपकी टोकरी वर्तमान में खाली है।",
      "continueShopping": "खरीदारी जारी रखें",
      "yourItems": "आपके आइटम",
      "clearCart": "टोकरी खाली करें",
      "orderSummary": "आदेश सारांश",
      "subtotal": "उप-योग",
      "shipping": "शिपिंग",
      "total": "कुल",
      "proceedToCheckout": "चेकआउट के लिए आगे बढ़ें"
    },
    "checkout": {
        "title": "चेकआउट",
        "shippingTitle": "शिपिंग जानकारी",
        "addNewAddress": "नया पता जोड़ें",
        "noAddressFound": "कोई पता नहीं मिला। कृपया जारी रखने के लिए एक पता जोड़ें।",
        "paymentTitle": "भुगतान विधि",
        "creditCard": "क्रेडिट/डेबिट कार्ड",
        "cod": "कैश ऑन डिलीवरी",
        "orderSummaryTitle": "आदेश सारांश",
        "summaryDescription": "आदेश देने से पहले अपने आइटम की समीक्षा करें।",
        "subtotal": "उप-योग",
        "shipping": "शिपिंग",
        "total": "कुल",
        "placeOrderButton": "आदेश दें",
        "placingOrder": "आदेश दिया जा रहा है..."
    },
    "orderConfirmation": {
        "title": "आपके आदेश के लिए धन्यवाद!",
        "subtitle": "आपका आदेश सफलतापूर्वक रखा गया है। आपको शीघ्र ही एक ईमेल पुष्टिकरण प्राप्त होगा।",
        "orderNumber": "आदेश संख्या",
        "continueShoppingButton": "खरीदारी जारी रखें",
        "goToMyOrders": "मेरे आदेश पर जाएं",
        "verifyingOrder": "आदेश सत्यापित हो रहा है...",
        "pleaseWait": "कृपया एक क्षण प्रतीक्षा करें।",
        "feedbackPrompt": "आपका खरीदारी का अनुभव कैसा रहा?",
        "feedbackThanks": "आपकी प्रतिक्रिया के लिए धन्यवाद!"
    },
    "productsPage": {
        "title": "सभी उत्पाद",
        "description": "एक स्वस्थ, जैविक और संपन्न खेत के लिए आपको जो कुछ भी चाहिए।",
        "searchPlaceholder": "सभी उत्पाद खोजें...",
        "categoryFilterPlaceholder": "श्रेणी के अनुसार फ़िल्टर करें",
        "allCategories": "सभी उत्पाद",
        "noProductsFound": "आपके मानदंडों के लिए कोई उत्पाद नहीं मिला।"
    },
    "productCategoryPage": {
        "browseCollection": "{categoryName} के हमारे संग्रह को ब्राउज़ करें।",
        "categoryNotFound": "श्रेणी नहीं मिली",
        "noProductsInCategory": "इस श्रेणी में कोई उत्पाद नहीं मिला।"
    },
    "productDetailPage": {
        "quantity": "मात्रा",
        "addToCart": "कार्ट में डालें",
        "buyNow": "अभी खरीदें",
        "description": "विवरण",
        "ingredients": "सामग्री",
        "productInfo": "उत्पाद जानकारी",
        "noIngredients": "कोई सामग्री सूचीबद्ध नहीं है।",
        "noInfo": "कोई अतिरिक्त जानकारी उपलब्ध नहीं है।",
        "vegetarian": "यह एक शाकाहारी उत्पाद है",
        "non-vegetarian": "यह एक मांसाहारी उत्पाद है",
        "vegan": "यह एक वेगन उत्पाद है",
        "uses_dead_animals": "इस उत्पाद में मृत पशु भागों का उपयोग होता है"
    },
    "supportPage": {
      "title": "ग्राहक सहायता",
      "subtitle": "हम यहाँ मदद करने के लिए हैं। किसी भी प्रश्न या चिंता के लिए हमसे संपर्क करें।",
      "formTitle": "हमें एक संदेश भेजें",
      "formDesc": "हम जल्द से जल्द आपसे संपर्क करेंगे।",
      "name": "नाम",
      "namePlaceholder": "आपका नाम",
      "email": "ईमेल",
      "emailPlaceholder": "you@example.com",
      "message": "संदेश",
      "messagePlaceholder": "आपका संदेश...",
      "submit": "सबमिट करें",
      "contactInfoTitle": "संपर्क जानकारी",
      "phone": "फ़ोन",
      "emailContact": "ईमेल"
    }
  }
}
